platform,user_name,rating,comment_text,time,source_url
YouTube,@tranminhduc653,,Anh ơi quả dưa chuột english là cuecumber,2 tháng trước,https://youtu.be/O-LJ9oBi7eQ
YouTube,@Tach7407,,"Tui thấy bún đậu chỉ có đậu với mắm tôm là ngon, mấy cái khác ăn nó k ngon bằng đậu",8 tháng trước,https://youtu.be/O-LJ9oBi7eQ
YouTube,@LâmLê-Moonlight,,Ngon quá,9 tháng trước,https://youtu.be/O-LJ9oBi7eQ
YouTube,@carrolltee5906,,peace,1 năm trước,https://youtu.be/O-LJ9oBi7eQ
YouTube,@Tommylikespapaya,,0:00 rip bún đậu mắm tôm,1 năm trước,https://youtu.be/O-LJ9oBi7eQ
YouTube,@storeviettel3297,,Ko ăn thịt luộc à😂,1 năm trước,https://youtu.be/O-LJ9oBi7eQ
YouTube,@helloboi9851,,Chó phí phạm,1 năm trước,https://youtu.be/O-LJ9oBi7eQ
YouTube,@NeeMome-e3f,,Anh Quang ơi em bị nghiện mắm tôm thèm quá🤤🤤🤤🤤🤤,1 năm trước,https://youtu.be/O-LJ9oBi7eQ
YouTube,@reviewamthucmuonnoi,,"""Mình rất thích cách bạn tận hưởng đồ ăn mà không làm người xem cảm thấy ngán. Mỗi lần có video mới là lại bật xem ngay! Cảm giác như đang ăn cùng một người bạn vậy. Chúc bạn luôn vui vẻ và kênh ngày càng thành công nha! 💖""",1 năm trước,https://youtu.be/O-LJ9oBi7eQ
YouTube,@tiettruong3742,,"Giong noi kho nghe hon ba vo, mukbang an khg can noi cung OK, không sao,van co view thoi",1 năm trước,https://youtu.be/O-LJ9oBi7eQ
YouTube,@HuongPham-jq5fu,,ngon quá anh ơi 🤤🤤🤤🤤🤤🤤🤤,1 năm trước,https://youtu.be/O-LJ9oBi7eQ
YouTube,@hanhtruong6355,,"Khi an ,khg nên open mouths noi chuyện,nhai hết đi,rồi nói,nhu mukbang chuyện nghiệp ,nhu kênh be đường doubar or phụ foody",1 năm trước,https://youtu.be/O-LJ9oBi7eQ
YouTube,@thanhtungbui2514,,Mở  giống  mỏ  lòn quá,1 năm trước,https://youtu.be/O-LJ9oBi7eQ
YouTube,@thienthalacloi,,mua ở đâu vậy anh,1 năm trước,https://youtu.be/O-LJ9oBi7eQ
YouTube,@dinhdo_2003,,Bình thường không hay xem mukkbang nhưng vô tình thấy tựa đề đúng món em thích nên phải xem :))),1 năm trước,https://youtu.be/O-LJ9oBi7eQ
YouTube,@ThịThủyNguyễn-t3i8g,,1:07 chú cho hơi nhiều đường sẽ mất vị mắm tôm,2 năm trước,https://youtu.be/O-LJ9oBi7eQ
YouTube,@soihoanghuhong191,,3 khay mà,2 năm trước,https://youtu.be/O-LJ9oBi7eQ
YouTube,@lynx888-t9f,,anh tên là Quốc Tuấn đúng hong ạ,2 năm trước,https://youtu.be/O-LJ9oBi7eQ
YouTube,@khoetran,,Ngon nha .nhưng mình ăn không được,2 năm trước,https://youtu.be/O-LJ9oBi7eQ
YouTube,@phamduynguyen95,,a mà ăn đc rau diếp cá thì bá chấy luôn,2 năm trước,https://youtu.be/O-LJ9oBi7eQ
YouTube,@hoaianphannguyen8160,,Khẩu vị mỗi người mỗi khác mà,5 tháng trước,https://youtu.be/O-LJ9oBi7eQ
YouTube,@trungvan9480,,Quang Trần,1 năm trước,https://youtu.be/O-LJ9oBi7eQ
YouTube,@qlvhdoi,,Bạn ko ăn đc vậy sao bạn biết ngon 😅,2 năm trước,https://youtu.be/O-LJ9oBi7eQ
YouTube,@Gthinh249,,T đang giảm cân😢,2 năm trước,https://youtu.be/O-LJ9oBi7eQ
YouTube,@Nhathanhtinh121Deptrai,,where banh trang,2 năm trước,https://youtu.be/O-LJ9oBi7eQ
YouTube,@maishere3339,,Nhìn mlem ghê,3 năm trước,https://youtu.be/O-LJ9oBi7eQ
YouTube,@datle2863,,Nhìn a ăn mà e thèm quá ực ực. Không liên quan nhưng giọng địa phương của a là giọng gì thế ạ?,3 năm trước,https://youtu.be/O-LJ9oBi7eQ
YouTube,@Lucazhayan,,bún đậu ăn ASMR không biết sẽ như thế nào ta. nhìn anh ăn ngon quá. Lucaz Hay Ăn sẽ phải ăn thử thuiuii,3 năm trước,https://youtu.be/O-LJ9oBi7eQ
YouTube,@chillmusic7335,,Ngon,3 năm trước,https://youtu.be/O-LJ9oBi7eQ
YouTube,@thanhduylathanh4944,,chóp chép cái miệng lớn quá. ăn vậy kì cục quá bạn. ngậm cái miệng lại dùm nhé,3 năm trước,https://youtu.be/O-LJ9oBi7eQ
YouTube,@trangvlogs90,,"a quê ở đâu v, hihi, e ở quảng trị nì",3 năm trước,https://youtu.be/O-LJ9oBi7eQ
YouTube,@kienvanquan5501,,Cơm trộn Kim chi mì xào giòn thập cẩm mì xào giòn hải sản mì xào bò mì trộn mì xào móng tay  cơm chiên Cống Quỳnh quận Lotte Mart Quận tasaki bbq thịt nướng cơm trắng highlands coffee trà sen vàng Highlands coffee,3 năm trước,https://youtu.be/O-LJ9oBi7eQ
YouTube,@kienvanquan5501,,Hotto món ngon trên đĩa nóng,3 năm trước,https://youtu.be/O-LJ9oBi7eQ
YouTube,@hoanganhphanang4771,,chu oiiiiiiiiiiiiiiiiiiii,3 năm trước,https://youtu.be/O-LJ9oBi7eQ
YouTube,@phuongkobip,,giọng đã khó nghe thì nhai xong hẵng nói anh oi,4 năm trước,https://youtu.be/O-LJ9oBi7eQ
YouTube,@meophonglon5980,,tay sạch ko đấy cha nội =))),4 năm trước,https://youtu.be/O-LJ9oBi7eQ
YouTube,@anhminhanh8545,,Dùng tay bốc thức ăn trông mất vệ sinh thật sự,4 năm trước,https://youtu.be/O-LJ9oBi7eQ
YouTube,@quangluong1105,,ông này có vẻ ko nói dc nhiều tiếng việt nhỉ,4 năm trước,https://youtu.be/O-LJ9oBi7eQ
YouTube,@trannam9914,,Ăn xong rồi hãng nói. Chả nghe thấy gì...,4 năm trước,https://youtu.be/O-LJ9oBi7eQ
YouTube,@watchyadc,,em xin dia chi quan này với a ơi,4 năm trước,https://youtu.be/O-LJ9oBi7eQ
YouTube,@americagreatagain760,,"Anh Quang làm video đồ ăn bằng tiếng Việt từ tháng 8 2018, giờ 4 năm trời tiếng việt của anh khá tốt",4 năm trước,https://youtu.be/O-LJ9oBi7eQ
YouTube,@sonhoang7714,,sao anh không ăn 1 miếng thịt luộc nào vậy,4 năm trước,https://youtu.be/O-LJ9oBi7eQ
YouTube,@namchivas9058,,Dùng tay hơi mất vệ sinh )),4 năm trước,https://youtu.be/O-LJ9oBi7eQ
YouTube,@DinhTungPhan-xy1sf,,Comment ngooo thế bắt người t ngậm miệng lại ko nói lịch sự ko đc à,1 năm trước,https://youtu.be/O-LJ9oBi7eQ
YouTube,@kienvanquan5501,,Kichi Kichi lầu bằng chuyển,3 năm trước,https://youtu.be/O-LJ9oBi7eQ
YouTube,@Juliet1906,,Người miền trung giọng hơi khó nghe xíu,4 tháng trước,https://youtu.be/O-LJ9oBi7eQ
YouTube,@hoaianphannguyen8160,,"Ổng ng gốc Việt đó tr,ngta người Huế nên giọng họ v",1 năm trước,https://youtu.be/O-LJ9oBi7eQ
YouTube,@hanguyenba9400,,Giọng Nghệ An v á😊,1 năm trước,https://youtu.be/O-LJ9oBi7eQ
YouTube,@minhkhuemai9688,,ngon quá đi,4 năm trước,https://youtu.be/O-LJ9oBi7eQ
YouTube,@nguyeennam5000,,Em xem anh toàn phải bật phụ đề,4 năm trước,https://youtu.be/O-LJ9oBi7eQ
YouTube,@sonthanh7412,,ngon quá dị,4 năm trước,https://youtu.be/O-LJ9oBi7eQ
YouTube,@ucinhchannel8197,,2 tuần chưa ăn bún đậu xem kiểu :(((,4 năm trước,https://youtu.be/O-LJ9oBi7eQ
YouTube,@chianhnguyen3798,,"chảy nước miếng, chảy nước miếng",4 năm trước,https://youtu.be/O-LJ9oBi7eQ
YouTube,@huynhtantai1032lhu,,ăn kì quá,4 năm trước,https://youtu.be/O-LJ9oBi7eQ
YouTube,@bestnakv7045,,Lâu r ko xem anh quang :< 5-9 tháng r,4 năm trước,https://youtu.be/O-LJ9oBi7eQ
YouTube,@NguyenBinh-xt7vv,,bún thì ít mà thức ăn nhìu quá zọ =)),4 năm trước,https://youtu.be/O-LJ9oBi7eQ
YouTube,@Drowned6835,,Anh ta nên sử dụng găng tay thực phẩm,4 năm trước,https://youtu.be/O-LJ9oBi7eQ
YouTube,@mytamphamthi1206,,"Coi nửa đêm chú ơi😂 
Lại phải đi mò tủ lạnh:)))))))",4 năm trước,https://youtu.be/O-LJ9oBi7eQ
YouTube,@camranh8422,,"đổ từng ấy đường thì gọi là chè tôm, chứ mắm tôm gì.",4 năm trước,https://youtu.be/O-LJ9oBi7eQ
YouTube,@octonduynga3966,,Em nhìn cái mâm bún đậu mắm tôm của anh mà em khoái khoái chảy nước miếng 😂😂😂😂😂,4 năm trước,https://youtu.be/O-LJ9oBi7eQ
YouTube,@thanhangnguyen3538,,ủa anh nói giọng ở đâu vậy ạ,4 năm trước,https://youtu.be/O-LJ9oBi7eQ
YouTube,@blyatt9779,,nguời VN là phải biết ăn mắm tôm,4 năm trước,https://youtu.be/O-LJ9oBi7eQ
YouTube,@bakagm4438,,Búng bỏ huế não ảnh ẻm việc nam ơiiiiiii,4 năm trước,https://youtu.be/O-LJ9oBi7eQ
YouTube,@hoangkim3589,,@@ đang thèm huhu,4 năm trước,https://youtu.be/O-LJ9oBi7eQ
YouTube,@zeskynguyen7820,,anh đang ở VN hả anh,4 năm trước,https://youtu.be/O-LJ9oBi7eQ
YouTube,@josephchu3322,,Only thing missing are a few beers,4 năm trước,https://youtu.be/O-LJ9oBi7eQ
YouTube,@minotl,,Nhìn thèm quá bao nhiêu 1 suất chú ơi,4 năm trước,https://youtu.be/O-LJ9oBi7eQ
YouTube,@lamsonnguyen1695,,Mình đi ăn món này toàn phải gọi riêng nước mắm tại ko ăn dc mắm tôm. 😅😅😅,4 năm trước,https://youtu.be/O-LJ9oBi7eQ
YouTube,@PPT016,,Mukbang mà kì gì ???,4 năm trước,https://youtu.be/O-LJ9oBi7eQ
YouTube,@huycong6525,,"Mukbang tự nấu ăn mới sướng anh ạ, với lại background sáng sủa lên chút, đồ ăn sắp xếp theo thứ tự đẹp mắt là ngon ngay",4 năm trước,https://youtu.be/O-LJ9oBi7eQ
YouTube,@vietnamthucgiac,,ui. nhìn cái mâm bún đậu mà thèm thế,4 năm trước,https://youtu.be/O-LJ9oBi7eQ
YouTube,@philipcasey9991,,𝓅𝓇𝑜𝓂𝑜𝓈𝓂 🎊,4 năm trước,https://youtu.be/O-LJ9oBi7eQ
YouTube,@nguyettoc3384,,Cho đường nhiều vậy,4 năm trước,https://youtu.be/O-LJ9oBi7eQ
YouTube,@haiduongquoc7091,,"ăn thì ăn thôi, chép chép như heo v",4 năm trước,https://youtu.be/O-LJ9oBi7eQ
YouTube,@ungthưnão,,ngon qua,4 năm trước,https://youtu.be/O-LJ9oBi7eQ
YouTube,@Nickyy88,,dùng găng tay túi bóng cầm ra cho đỡ mất vs ông ơi =)))) cứ tay bốc trong mất thẩm mĩ:),4 năm trước,https://youtu.be/O-LJ9oBi7eQ
YouTube,@lvsfitkitchen5632,,Please don’t speak when you have food in your mouth Quang.   Can’t understand shit you said & its effing disgusting dude!!!,4 năm trước,https://youtu.be/O-LJ9oBi7eQ
YouTube,@Annie..s,,nói thật là tui chỉ xem hình thui chứ nghe khum đc gì hết :(( và phụ đề nóa lạ lắm,4 năm trước (đã chỉnh sửa),https://youtu.be/O-LJ9oBi7eQ
YouTube,@hoangtungvu4188,,đẳng cấp,4 năm trước,https://youtu.be/O-LJ9oBi7eQ
YouTube,@wwk279,,Mắm tôm cho nhiều đường ăn quá,4 năm trước,https://youtu.be/O-LJ9oBi7eQ
YouTube,@humnhachmep7646,,Wow chảy nước miếng !!,4 năm trước,https://youtu.be/O-LJ9oBi7eQ
YouTube,@th_thth,,"Thích channel của anh Quang vì đa dạng món mukbang, đặc biệt là mukbang các món thuần Việt ít người làm. ❤️",4 năm trước,https://youtu.be/O-LJ9oBi7eQ
YouTube,@uchungle574,,0:04 chả cốm hay nem chua anh,4 năm trước,https://youtu.be/O-LJ9oBi7eQ
YouTube,@daoviettu2334,,Nghe tiếng sột soạt cuốn vch 😇😂,4 năm trước,https://youtu.be/O-LJ9oBi7eQ
YouTube,@lazynshiza,,🔥🔥🔥🔥🔥🔥🔥🔥🔥🔥🔥🔥,4 năm trước,https://youtu.be/O-LJ9oBi7eQ
YouTube,@background5128,,bún đậu ngon nếu ăn thịt luộc,4 năm trước,https://youtu.be/O-LJ9oBi7eQ
YouTube,@duonghiep9688,,Ăn 1 khay này chắc no cả ngày luôn Ông Môi Bóng nhỉ 😁,4 năm trước,https://youtu.be/O-LJ9oBi7eQ
YouTube,@vunguyen-hs5fx,,thèm,4 năm trước,https://youtu.be/O-LJ9oBi7eQ
YouTube,@lancer8249,,Kênh VN của a giờ flop zữ chán =((,4 năm trước,https://youtu.be/O-LJ9oBi7eQ
YouTube,@quangbaolai5847,,Cách ăn của ngta,1 năm trước,https://youtu.be/O-LJ9oBi7eQ
YouTube,@kienvanquan5501,,Mì xào giòn hải sản,3 năm trước,https://youtu.be/O-LJ9oBi7eQ
YouTube,@watchouch,,Đấy k phải chả cua mà là chả cốm nhé Quang,4 năm trước,https://youtu.be/O-LJ9oBi7eQ
YouTube,@hocnguyen5402,,Món ăn uống tuyệt vời ♥️,4 năm trước,https://youtu.be/O-LJ9oBi7eQ
YouTube,@alselaputimaaruf,,COOLICIOUS,4 năm trước,https://youtu.be/O-LJ9oBi7eQ
YouTube,@phamvancuong6680,,Chịu khó mang mấy cái hộp tái sử dụng đi mua đồ ông ơi . Ý thức bảo vệ môi trường chút,4 năm trước,https://youtu.be/O-LJ9oBi7eQ
YouTube,@khoiotuan9755,,bún đậu mắm tôm,4 năm trước,https://youtu.be/O-LJ9oBi7eQ
YouTube,@khoiotuan9755,,mukbang,4 năm trước,https://youtu.be/O-LJ9oBi7eQ
YouTube,@khoiotuan9755,,1 like cho a Quang nghen!!!,4 năm trước,https://youtu.be/O-LJ9oBi7eQ
YouTube,@richbrook101,,"Người Hà Nội lại thích các món chè, bún của Huế đó Quang",4 năm trước,https://youtu.be/O-LJ9oBi7eQ
YouTube,@phatngovinh7347,,nhìn ngay là biết người miền trung ăn rồi,4 năm trước,https://youtu.be/O-LJ9oBi7eQ
YouTube,@phamphat1274,,Lâu r chưa làm clip ăn mukkang như hồi đầu kênh vậy a?,4 năm trước,https://youtu.be/O-LJ9oBi7eQ
YouTube,@omom4552,,này anh mua tiệm nào v anh,4 năm trước,https://youtu.be/O-LJ9oBi7eQ
YouTube,@akaiace702,,Ngon kinh khủng ! Ăn với rau sống là cứ phải gọi là siêu phẩm nhé !,4 năm trước,https://youtu.be/O-LJ9oBi7eQ
YouTube,@ongvu3917,,Haha nhớ tới clip hồi xưa lần đầu Quang ăn bún đậu. Hồi đó còn la hôi dễ sợ. H ăn quá trời ngon lành luôn :D,4 năm trước,https://youtu.be/O-LJ9oBi7eQ
YouTube,@dungnguyenmanh600,,Ăn từ từ thôi chú ăn nhanh quá nhìn thèm chảy nước miếng luôn :))),4 năm trước,https://youtu.be/O-LJ9oBi7eQ
YouTube,@LienTran-mp8cj,,"Quả sấu tiếng Anh là Dracontomelon, có vị chua, thường dùng để nấu canh chua hoặc ngâm đường để làm nước sấu . Còn olive thì tiếng Việt cũng gọi là ô liu á anh.",4 năm trước (đã chỉnh sửa),https://youtu.be/O-LJ9oBi7eQ
YouTube,@chrisporter5025,,Epic,4 năm trước,https://youtu.be/O-LJ9oBi7eQ
YouTube,@touchvideo7980,,Ngon dễ sợ😍,4 năm trước,https://youtu.be/O-LJ9oBi7eQ
YouTube,@tiencao8538,,Thèm quá,4 năm trước,https://youtu.be/O-LJ9oBi7eQ
YouTube,@TuanBui-ru2cc,,I'm drooling right now LOL! Ngon qua anh oi,4 năm trước,https://youtu.be/O-LJ9oBi7eQ
YouTube,@lookliki,,Quang chuyển sang làm Mukbang luôn rồi :)) Content mới,4 năm trước,https://youtu.be/O-LJ9oBi7eQ
YouTube,@leminh6956,,Đặt ship chứ có phải đi mua đâu,4 năm trước,https://youtu.be/O-LJ9oBi7eQ
YouTube,@qt-vietnam,,Quang mua tiệm mạc văn khoa đó bạn,4 năm trước,https://youtu.be/O-LJ9oBi7eQ
YouTube,@tvk2000,,còn rau chết thì sao,4 năm trước,https://youtu.be/O-LJ9oBi7eQ
YouTube,@nguyenkhoi1795,,@tvk2000  :),4 năm trước,https://youtu.be/O-LJ9oBi7eQ
YouTube,@Truyennganbaotran,,@tvk2000  :),4 năm trước,https://youtu.be/O-LJ9oBi7eQ
YouTube,@tvk2000,,@nguyenkhoi1795  :),4 năm trước,https://youtu.be/O-LJ9oBi7eQ
YouTube,@nguyenkhoi1795,,@tvk2000  khá:),4 năm trước,https://youtu.be/O-LJ9oBi7eQ
YouTube,@qt-vietnam,,😅😅,4 năm trước,https://youtu.be/O-LJ9oBi7eQ
YouTube,@kienvanquan5501,,​ @qt-vietnam  bún chả nem cua bể 5:08,2 năm trước (đã chỉnh sửa),https://youtu.be/O-LJ9oBi7eQ
YouTube,@qt-vietnam,,Cám ơn bạn nghe,4 năm trước,https://youtu.be/O-LJ9oBi7eQ
YouTube,@huytrinh5806,,Bạn mới theo dõi anh Quang à :))),4 năm trước,https://youtu.be/O-LJ9oBi7eQ
YouTube,@luongkha3006,,Ủa đó giờ kênh này làm về đề tài gì vậy???,4 năm trước,https://youtu.be/O-LJ9oBi7eQ
YouTube,@ohnoo_halii9136,,úi dời a Quang làm mukbang asmr các kiểu cũng dc 3-4 năm r b :))),4 năm trước,https://youtu.be/O-LJ9oBi7eQ
YouTube,@enemvlog6332,,Chú hong ở VN nữa ah,4 năm trước,https://youtu.be/O-LJ9oBi7eQ
YouTube,@binhminhnguyen1937,,anh quang cao 1m mấy,4 năm trước,https://youtu.be/O-LJ9oBi7eQ
YouTube,@boirocr-Tamiko5,,Yum 😋🤤,4 năm trước,https://youtu.be/O-LJ9oBi7eQ
YouTube,@oichanneloxu5559,,Chú ra video lâu quá vậy,4 năm trước,https://youtu.be/O-LJ9oBi7eQ
YouTube,@siuuuuuuu960,,Chào chú,4 năm trước,https://youtu.be/O-LJ9oBi7eQ
YouTube,@qt-vietnam,,Cao lắm bạn😅😅😅,4 năm trước,https://youtu.be/O-LJ9oBi7eQ
YouTube,@LeeNgaan,,"lâu ko xem clip e ăn, nay lướt tự nhiên thèm bún đậu quá, chắc mai làm suất kkk",3 tháng trước,https://youtu.be/D_qBYMbDp-Y?si=2CtLRF9-wuFVkNaC
YouTube,@NguyễnLoan-j3q,,E xin quán nhìn ngon quá ạ❤,3 tháng trước,https://youtu.be/D_qBYMbDp-Y?si=2CtLRF9-wuFVkNaC
YouTube,@KhôiMinh-i1q,,Chào con trai dễ thương  hôm nay con ăn bún đậu mắm tôm quá là ngon chúc con ngon miệng ❤❤❤❤,3 tháng trước,https://youtu.be/D_qBYMbDp-Y?si=2CtLRF9-wuFVkNaC
YouTube,@LộcLêKim-r3y,,Giống bún đậu thư an phú đông 😅,3 tháng trước,https://youtu.be/D_qBYMbDp-Y?si=2CtLRF9-wuFVkNaC
YouTube,@shellyyamashita8667,,"Duong ơi con không nên để ruồi nhặng đậu vào đồ ăn của con rất là nguy hiểm vì vi khuẩn của nó rất mạnh, khi ăn những món mắm con nên ăn ở nhà.    Hôm nay món ăn ngon quá ❤",3 tháng trước,https://youtu.be/D_qBYMbDp-Y?si=2CtLRF9-wuFVkNaC
YouTube,@DooriyaNguyen,,Thấy chưa vì cái mâm hấp dẫn quá nó vẫn bay thay vì đốt nhang nó đâu có bay lại được đó là góp Ý của người lớn,3 tháng trước,https://youtu.be/D_qBYMbDp-Y?si=2CtLRF9-wuFVkNaC
YouTube,@DooriyaNguyen,,Nó bay trúng chỗ nào trúng ngay chỗ dính thì nó dính nhưng con mắm nó vẫn nghe mùi thơm cho nên đốt nhang là thượng sách con làm như vậy sát sinh,3 tháng trước,https://youtu.be/D_qBYMbDp-Y?si=2CtLRF9-wuFVkNaC
YouTube,@HữunNghịVlog,,Chúc anh một ngày mới vẻ,3 tháng trước,https://youtu.be/D_qBYMbDp-Y?si=2CtLRF9-wuFVkNaC
YouTube,@HữunNghịVlog,,Hello anh,3 tháng trước,https://youtu.be/D_qBYMbDp-Y?si=2CtLRF9-wuFVkNaC
YouTube,@ThịBíchNgọcVo-m6v,,❤❤❤❤❤🎉🎉🎉🎉🎉🎉,3 tháng trước,https://youtu.be/D_qBYMbDp-Y?si=2CtLRF9-wuFVkNaC
YouTube,@Ledinhphuongnhi,,Thử pizza đi e,3 tháng trước,https://youtu.be/D_qBYMbDp-Y?si=2CtLRF9-wuFVkNaC
YouTube,@ThanhThuy-vn7rg,,"Thèm quá Dương ơi , bên đây toppings không đa dạng vậy 👍👍😋😋💕💕",3 tháng trước,https://youtu.be/D_qBYMbDp-Y?si=2CtLRF9-wuFVkNaC
YouTube,@Saphiea312,,Ngon qa e,3 tháng trước,https://youtu.be/D_qBYMbDp-Y?si=2CtLRF9-wuFVkNaC
YouTube,@KhôiMinh-i1q,,Chào con trai nay con ăn bún đậu quá trời ngon nha cô chúc con ngon miệng ❤❤❤❤❤❤❤,3 tháng trước,https://youtu.be/D_qBYMbDp-Y?si=2CtLRF9-wuFVkNaC
YouTube,@TiffanyPham-yk9yk,,"Hời ơi,, 🤤🤤🤤🤤😋😋😋😋",3 tháng trước,https://youtu.be/D_qBYMbDp-Y?si=2CtLRF9-wuFVkNaC
YouTube,@dungtrinh762,,Chào Con hôm nay ăn bún đậu mắm tôm ngon hết ý luôn chúc con ăn ngon miệng,3 tháng trước,https://youtu.be/D_qBYMbDp-Y?si=2CtLRF9-wuFVkNaC
YouTube,@thithanh8345,,Hấp dẫn quá,3 tháng trước,https://youtu.be/D_qBYMbDp-Y?si=2CtLRF9-wuFVkNaC
YouTube,@CuongNguyen-ok6rj,,mắm tôm anh có pha chín ko?,3 tháng trước,https://youtu.be/D_qBYMbDp-Y?si=2CtLRF9-wuFVkNaC
YouTube,@dieuhuongly7211,,Trời này ăn bánh ướt bánh cuốn cho mát đi ạ,3 tháng trước,https://youtu.be/D_qBYMbDp-Y?si=2CtLRF9-wuFVkNaC
YouTube,@nguyentitam5889,,Ngon hap dan qua,3 tháng trước,https://youtu.be/D_qBYMbDp-Y?si=2CtLRF9-wuFVkNaC
YouTube,@Duongdoubar,,"Dạ em cám ơn anh, chúc anh một ngày thật nhiều niềm vui nha😊❤",3 tháng trước,https://youtu.be/D_qBYMbDp-Y?si=2CtLRF9-wuFVkNaC
YouTube,@Duongdoubar,,"Dạ chào bạn nhen, chúc bạn một ngày thật vui vẻ ạ😊❤",3 tháng trước,https://youtu.be/D_qBYMbDp-Y?si=2CtLRF9-wuFVkNaC
YouTube,@Duongdoubar,,😊❤😊❤😊❤,3 tháng trước,https://youtu.be/D_qBYMbDp-Y?si=2CtLRF9-wuFVkNaC
YouTube,@Duongdoubar,,"Dạ để hôm nào nhen chị, món đó ăn hơi ngán ạ 😊❤",3 tháng trước,https://youtu.be/D_qBYMbDp-Y?si=2CtLRF9-wuFVkNaC
YouTube,@Duongdoubar,,"Dạ tiếc quá, hôm nào về Việt Nam nhớ ghé làm một mẹt thật ngon nha cô ơi😊❤",3 tháng trước,https://youtu.be/D_qBYMbDp-Y?si=2CtLRF9-wuFVkNaC
YouTube,@Duongdoubar,,Dạ em mời chi cùng ăn với em nhen hihi😊❤,3 tháng trước,https://youtu.be/D_qBYMbDp-Y?si=2CtLRF9-wuFVkNaC
YouTube,@Duongdoubar,,"Dạ con cảm ơn cô ạ, chúc cô một ngày thật nhiều niềm vui nha😊❤",3 tháng trước,https://youtu.be/D_qBYMbDp-Y?si=2CtLRF9-wuFVkNaC
YouTube,@Duongdoubar,,Dạ con mời cô ăn cùng con nhen😊❤,3 tháng trước,https://youtu.be/D_qBYMbDp-Y?si=2CtLRF9-wuFVkNaC
YouTube,@Duongdoubar,,"Dạ món này đúng đỉnh luôn ạ, con cảm ơn cô nhen hihi😊❤",3 tháng trước,https://youtu.be/D_qBYMbDp-Y?si=2CtLRF9-wuFVkNaC
YouTube,@Duongdoubar,,Dạ ngon lắm chị hihi😊❤,3 tháng trước,https://youtu.be/D_qBYMbDp-Y?si=2CtLRF9-wuFVkNaC
YouTube,@Duongdoubar,,Hình như ngta nấu qua hay sao đánh ko bung bọt 😊❤,3 tháng trước,https://youtu.be/D_qBYMbDp-Y?si=2CtLRF9-wuFVkNaC
YouTube,@Duongdoubar,,Hihi để hôm nào nhen😊❤,3 tháng trước,https://youtu.be/D_qBYMbDp-Y?si=2CtLRF9-wuFVkNaC
YouTube,@Duongdoubar,,Dạ hấp dẫn quá chừng lun ạ,3 tháng trước,https://youtu.be/D_qBYMbDp-Y?si=2CtLRF9-wuFVkNaC
YouTube,@NgàNgàtrần-m5x,,❤❤❤❤❤❤❤❤❤❤❤❤,3 tháng trước,https://youtu.be/D_qBYMbDp-Y?si=2CtLRF9-wuFVkNaC
YouTube,@DiThanhNguyễn-q9e,,Kênh may tên gì kìa sao không tả lời vậy em,3 tháng trước,https://youtu.be/D_qBYMbDp-Y?si=2CtLRF9-wuFVkNaC
YouTube,@Bachtuyet123,,"Ngon quá e ơi, chảy nước miếng, chảy nước miếng… 🥱🥱",3 tháng trước,https://youtu.be/D_qBYMbDp-Y?si=2CtLRF9-wuFVkNaC
YouTube,@alexI12-q9k,,"bạn ăn rất ngon miệng,những lúc rãnh nên chạy bộ kết hợp nữa bạn nha.vừa thể dục thể thao vừa đào thải bớt độc tố ra ngoài",3 tháng trước,https://youtu.be/D_qBYMbDp-Y?si=2CtLRF9-wuFVkNaC
YouTube,@HueLuu-g7b,,Rút kinh nghiệm lần sau có ăn mắm tôm nhớ quảy theo cái mùng cho đỡ ruồi.Ok la,3 tháng trước,https://youtu.be/D_qBYMbDp-Y?si=2CtLRF9-wuFVkNaC
YouTube,@TrungLe-i5j,,Tình hình kiểu này cuối năm lấy nút bạc chắc rồi kkkk,3 tháng trước,https://youtu.be/D_qBYMbDp-Y?si=2CtLRF9-wuFVkNaC
YouTube,@QuaChan-h9u,,❤❤❤❤❤❤❤❤❤,3 tháng trước,https://youtu.be/D_qBYMbDp-Y?si=2CtLRF9-wuFVkNaC
YouTube,@NhãAn-s1p,,Ngon quá Dương ơi.. Nhìn chén mắm là thấy thèm rồi nha 😋😋✌️✌️❤️❤️❤️,3 tháng trước,https://youtu.be/D_qBYMbDp-Y?si=2CtLRF9-wuFVkNaC
YouTube,@malongvuong6311,,Ngon quá nha Dương Duobar ơi ❤❤❤😋😋😋😋,3 tháng trước,https://youtu.be/D_qBYMbDp-Y?si=2CtLRF9-wuFVkNaC
YouTube,@sad_boy5607,,Ôg e dịch hộ ý nghĩa cái tên kênh của ôg e là gì đc ko? Hỏi bao nhiêu lần rồi mà cứ bơ bơ ý 😂😂😂😂😂,3 tháng trước,https://youtu.be/D_qBYMbDp-Y?si=2CtLRF9-wuFVkNaC
YouTube,@AmyNguyen-w8z,,❤❤❤❤❤❤❤❤🎉,3 tháng trước,https://youtu.be/D_qBYMbDp-Y?si=2CtLRF9-wuFVkNaC
YouTube,@AiNguyen-k2r,,"Chao con trai cuoi tuan chuc con vui ve nhe , nhin ngon qua con trai them an nha chuc con an ngon mieng nhe con trai 😋👍👍👍👍💞💞💞💞💞❤️❤️❤️❤️",3 tháng trước,https://youtu.be/D_qBYMbDp-Y?si=2CtLRF9-wuFVkNaC
YouTube,@AGTBuilding,,OK,3 tháng trước,https://youtu.be/D_qBYMbDp-Y?si=2CtLRF9-wuFVkNaC
YouTube,@AGTBuilding,,Chúc chị được Triêu vile,3 tháng trước,https://youtu.be/D_qBYMbDp-Y?si=2CtLRF9-wuFVkNaC
YouTube,@AGTBuilding,,Cảm ơn dương,3 tháng trước,https://youtu.be/D_qBYMbDp-Y?si=2CtLRF9-wuFVkNaC
YouTube,@AGTBuilding,,🎉🎉🎉🎉🎉,3 tháng trước,https://youtu.be/D_qBYMbDp-Y?si=2CtLRF9-wuFVkNaC
YouTube,@AGTBuilding,,@@ lâu ni dương K đi quay với Lộc,3 tháng trước,https://youtu.be/D_qBYMbDp-Y?si=2CtLRF9-wuFVkNaC
YouTube,@김종수-p5b,,Chao chau Duong lan 2 nha cuoi tuan vui ve nhe ngon qua nhin chau an ma thay them  ghe chuc chau an ngon mieng nhe chau trai 😋👍👍👍👍❤❤❤❤❤❤💖💖💖💖💖,3 tháng trước,https://youtu.be/D_qBYMbDp-Y?si=2CtLRF9-wuFVkNaC
YouTube,@AGTBuilding,,Miệng dương ăn ngon quá,3 tháng trước,https://youtu.be/D_qBYMbDp-Y?si=2CtLRF9-wuFVkNaC
YouTube,@종수김-f8z,,Ba chao chau DuongDoubar cuoi tuan chuc chau NSKVV chau nhe nhin chau an ngon qua an ngon mieng chau nha 💕💕💕❤️❤️❤️,3 tháng trước,https://youtu.be/D_qBYMbDp-Y?si=2CtLRF9-wuFVkNaC
YouTube,@Duongdoubar,,😊❤😊❤😊,3 tháng trước,https://youtu.be/D_qBYMbDp-Y?si=2CtLRF9-wuFVkNaC
YouTube,@Duongdoubar,,Dạ em có trả lời mà hihi,3 tháng trước,https://youtu.be/D_qBYMbDp-Y?si=2CtLRF9-wuFVkNaC
YouTube,@Duongdoubar,,Dạ em mời chị nhe 😊❤,3 tháng trước,https://youtu.be/D_qBYMbDp-Y?si=2CtLRF9-wuFVkNaC
YouTube,@Duongdoubar,,Dạ hihi😊❤,3 tháng trước,https://youtu.be/D_qBYMbDp-Y?si=2CtLRF9-wuFVkNaC
YouTube,@Duongdoubar,,"Dạ em cám ơn góp ý của anh nhen, lần sau em sẽ chú ý hơn ạ😊❤",3 tháng trước,https://youtu.be/D_qBYMbDp-Y?si=2CtLRF9-wuFVkNaC
YouTube,@HueLuu-g7b,,Nhớ nghen. Ok la,3 tháng trước,https://youtu.be/D_qBYMbDp-Y?si=2CtLRF9-wuFVkNaC
YouTube,@Duongdoubar,,"Dạ em cũng mong là được như lời anh nói ạ, cảm ơn anh nhiều nhen😊❤",3 tháng trước,https://youtu.be/D_qBYMbDp-Y?si=2CtLRF9-wuFVkNaC
YouTube,@Duongdoubar,,😊❤😊❤😊😊❤,3 tháng trước,https://youtu.be/D_qBYMbDp-Y?si=2CtLRF9-wuFVkNaC
YouTube,@Duongdoubar,,Dạ em mời chị cùng ăn với em nhen hihi😊❤,3 tháng trước,https://youtu.be/D_qBYMbDp-Y?si=2CtLRF9-wuFVkNaC
YouTube,@NhãAn-s1p,,@Duongdoubar  chị cảm ơn em 😍😍😊😊,3 tháng trước,https://youtu.be/D_qBYMbDp-Y?si=2CtLRF9-wuFVkNaC
YouTube,@Duongdoubar,,Dạ em mời anh nhen😊❤,3 tháng trước,https://youtu.be/D_qBYMbDp-Y?si=2CtLRF9-wuFVkNaC
YouTube,@nghiempham7254,,Đợt ai giải thjk là thấy ổng giống nhân vật douba trong phim những cuộc phiêu lưu của Sinbad đó 😂,3 tháng trước,https://youtu.be/D_qBYMbDp-Y?si=2CtLRF9-wuFVkNaC
YouTube,@Cảnhđẹp-c3x,,Dương đâu ba hả:),3 tháng trước,https://youtu.be/D_qBYMbDp-Y?si=2CtLRF9-wuFVkNaC
YouTube,@hoangminhvo4409,,"❤❤❤  Chim hót nghe hay quá tiếc rằng thỉnh thoảng có tiếng ồn máy bay,  bạn đang ở gần phi trường TSN hả ?",3 tháng trước,https://youtu.be/D_qBYMbDp-Y?si=2CtLRF9-wuFVkNaC
YouTube,@Duongdoubar,,@hoangminhvo4409 dạ em ở gần sân bay ạ,3 tháng trước,https://youtu.be/D_qBYMbDp-Y?si=2CtLRF9-wuFVkNaC
YouTube,@camlethi2703,,Cho cô hỏi con phải con của long khánh quê em không,3 tháng trước,https://youtu.be/D_qBYMbDp-Y?si=2CtLRF9-wuFVkNaC
YouTube,@Duongdoubar,,@camlethi2703 dạ hong ạ 😊❤,3 tháng trước,https://youtu.be/D_qBYMbDp-Y?si=2CtLRF9-wuFVkNaC
YouTube,@TungThanh-jk1hj,,Dương đầu bùi 😢😢,3 tháng trước,https://youtu.be/D_qBYMbDp-Y?si=2CtLRF9-wuFVkNaC
YouTube,@Duongdoubar,,@TungThanh-jk1hj ê nha kk,3 tháng trước,https://youtu.be/D_qBYMbDp-Y?si=2CtLRF9-wuFVkNaC
YouTube,@hoangminhvo4409,,​ @TungThanh-jk1hj văn hóa chút đi bạn,3 tháng trước,https://youtu.be/D_qBYMbDp-Y?si=2CtLRF9-wuFVkNaC
YouTube,@Duongdoubar,,Dạ em có giải thích nhiều video lắm rồi ạ😊❤,3 tháng trước,https://youtu.be/D_qBYMbDp-Y?si=2CtLRF9-wuFVkNaC
YouTube,@TungThanh-jk1hj,,​ @Duongdoubar kkk troll em tí chứ em ruột của anh là numbers one 😮,3 tháng trước,https://youtu.be/D_qBYMbDp-Y?si=2CtLRF9-wuFVkNaC
YouTube,@Duongdoubar,,"Dạ con cảm ơn cô, con mời cô cùng ăn với con nhen hihi😊❤",3 tháng trước,https://youtu.be/D_qBYMbDp-Y?si=2CtLRF9-wuFVkNaC
YouTube,@Duongdoubar,,❤😊❤,3 tháng trước,https://youtu.be/D_qBYMbDp-Y?si=2CtLRF9-wuFVkNaC
YouTube,@Duongdoubar,,Dạ em cám ơn chị ạ 😊❤,3 tháng trước,https://youtu.be/D_qBYMbDp-Y?si=2CtLRF9-wuFVkNaC
YouTube,@Duongdoubar,,😊❤😊❤😊❤😊,3 tháng trước,https://youtu.be/D_qBYMbDp-Y?si=2CtLRF9-wuFVkNaC
YouTube,@Duongdoubar,,"Dạ anh Lộc có rủ mà, em bận cv nên trùng lịch nên không đi quay vs ảnh được ạ hihi😊❤",3 tháng trước,https://youtu.be/D_qBYMbDp-Y?si=2CtLRF9-wuFVkNaC
YouTube,@Duongdoubar,,Dạ con cám ơn bà nhiều ạ😊❤,3 tháng trước,https://youtu.be/D_qBYMbDp-Y?si=2CtLRF9-wuFVkNaC
YouTube,@Duongdoubar,,Dạ em chúc anh buổi tối vui vẻ nha😊❤,3 tháng trước,https://youtu.be/D_qBYMbDp-Y?si=2CtLRF9-wuFVkNaC
YouTube,@Duongdoubar,,"Dạ con cám ơn bà nhiều ạ, con chúc bà cuối tuần thật vui và nhiều sức khoẻ nhen😊❤",3 tháng trước,https://youtu.be/D_qBYMbDp-Y?si=2CtLRF9-wuFVkNaC
YouTube,@종수김-f8z,,"​ @Duongdoubar hi hi 😂cam on chau nhe chau trai ,❤❤❤❤",3 tháng trước,https://youtu.be/D_qBYMbDp-Y?si=2CtLRF9-wuFVkNaC
YouTube,@تيتيتيتي-ر2ن,,Ngon qua chau oi mon nay la co thich an nhat chuc chau an ngon mieng,3 tháng trước,https://youtu.be/D_qBYMbDp-Y?si=2CtLRF9-wuFVkNaC
YouTube,@AGTBuilding,,Ngon lắm dương ơi,3 tháng trước,https://youtu.be/D_qBYMbDp-Y?si=2CtLRF9-wuFVkNaC
YouTube,@minhhoangcumathong,,Nhìn ăn thấy thèm quá,3 tháng trước,https://youtu.be/D_qBYMbDp-Y?si=2CtLRF9-wuFVkNaC
YouTube,@ducphan8228,,❤❤❤❤👍👍👍👍Yummy!!!,3 tháng trước,https://youtu.be/D_qBYMbDp-Y?si=2CtLRF9-wuFVkNaC
YouTube,@Duongdoubar,,"Dạ con cám ơn cô nhiều, con mời cô cùng ăn với con nhen😊❤",3 tháng trước,https://youtu.be/D_qBYMbDp-Y?si=2CtLRF9-wuFVkNaC
YouTube,@Duongdoubar,,Dạ em mời anh nhen hihi😊❤,3 tháng trước,https://youtu.be/D_qBYMbDp-Y?si=2CtLRF9-wuFVkNaC
YouTube,@Duongdoubar,,Dạ ngon lắm ạ hihi😊❤,3 tháng trước,https://youtu.be/D_qBYMbDp-Y?si=2CtLRF9-wuFVkNaC
